--
-- PostgreSQL database dump
--

-- Dumped from database version 17.2
-- Dumped by pg_dump version 17.2

SET statement_timeout = 0;
SET lock_timeout = 0;
SET idle_in_transaction_session_timeout = 0;
SET transaction_timeout = 0;
SET client_encoding = 'UTF8';
SET standard_conforming_strings = on;
SELECT pg_catalog.set_config('search_path', '', false);
SET check_function_bodies = false;
SET xmloption = content;
SET client_min_messages = warning;
SET row_security = off;

SET default_tablespace = '';

SET default_table_access_method = heap;

--
-- Name: auth_group; Type: TABLE; Schema: public; Owner: David
--

CREATE TABLE public.auth_group (
    id integer NOT NULL,
    name character varying(150) NOT NULL
);


ALTER TABLE public.auth_group OWNER TO "David";

--
-- Name: auth_group_id_seq; Type: SEQUENCE; Schema: public; Owner: David
--

ALTER TABLE public.auth_group ALTER COLUMN id ADD GENERATED BY DEFAULT AS IDENTITY (
    SEQUENCE NAME public.auth_group_id_seq
    START WITH 1
    INCREMENT BY 1
    NO MINVALUE
    NO MAXVALUE
    CACHE 1
);


--
-- Name: auth_group_permissions; Type: TABLE; Schema: public; Owner: David
--

CREATE TABLE public.auth_group_permissions (
    id bigint NOT NULL,
    group_id integer NOT NULL,
    permission_id integer NOT NULL
);


ALTER TABLE public.auth_group_permissions OWNER TO "David";

--
-- Name: auth_group_permissions_id_seq; Type: SEQUENCE; Schema: public; Owner: David
--

ALTER TABLE public.auth_group_permissions ALTER COLUMN id ADD GENERATED BY DEFAULT AS IDENTITY (
    SEQUENCE NAME public.auth_group_permissions_id_seq
    START WITH 1
    INCREMENT BY 1
    NO MINVALUE
    NO MAXVALUE
    CACHE 1
);


--
-- Name: auth_permission; Type: TABLE; Schema: public; Owner: David
--

CREATE TABLE public.auth_permission (
    id integer NOT NULL,
    name character varying(255) NOT NULL,
    content_type_id integer NOT NULL,
    codename character varying(100) NOT NULL
);


ALTER TABLE public.auth_permission OWNER TO "David";

--
-- Name: auth_permission_id_seq; Type: SEQUENCE; Schema: public; Owner: David
--

ALTER TABLE public.auth_permission ALTER COLUMN id ADD GENERATED BY DEFAULT AS IDENTITY (
    SEQUENCE NAME public.auth_permission_id_seq
    START WITH 1
    INCREMENT BY 1
    NO MINVALUE
    NO MAXVALUE
    CACHE 1
);


--
-- Name: auth_user; Type: TABLE; Schema: public; Owner: David
--

CREATE TABLE public.auth_user (
    id integer NOT NULL,
    password character varying(128) NOT NULL,
    last_login timestamp with time zone,
    is_superuser boolean NOT NULL,
    username character varying(150) NOT NULL,
    first_name character varying(150) NOT NULL,
    last_name character varying(150) NOT NULL,
    email character varying(254) NOT NULL,
    is_staff boolean NOT NULL,
    is_active boolean NOT NULL,
    date_joined timestamp with time zone NOT NULL
);


ALTER TABLE public.auth_user OWNER TO "David";

--
-- Name: auth_user_groups; Type: TABLE; Schema: public; Owner: David
--

CREATE TABLE public.auth_user_groups (
    id bigint NOT NULL,
    user_id integer NOT NULL,
    group_id integer NOT NULL
);


ALTER TABLE public.auth_user_groups OWNER TO "David";

--
-- Name: auth_user_groups_id_seq; Type: SEQUENCE; Schema: public; Owner: David
--

ALTER TABLE public.auth_user_groups ALTER COLUMN id ADD GENERATED BY DEFAULT AS IDENTITY (
    SEQUENCE NAME public.auth_user_groups_id_seq
    START WITH 1
    INCREMENT BY 1
    NO MINVALUE
    NO MAXVALUE
    CACHE 1
);


--
-- Name: auth_user_id_seq; Type: SEQUENCE; Schema: public; Owner: David
--

ALTER TABLE public.auth_user ALTER COLUMN id ADD GENERATED BY DEFAULT AS IDENTITY (
    SEQUENCE NAME public.auth_user_id_seq
    START WITH 1
    INCREMENT BY 1
    NO MINVALUE
    NO MAXVALUE
    CACHE 1
);


--
-- Name: auth_user_user_permissions; Type: TABLE; Schema: public; Owner: David
--

CREATE TABLE public.auth_user_user_permissions (
    id bigint NOT NULL,
    user_id integer NOT NULL,
    permission_id integer NOT NULL
);


ALTER TABLE public.auth_user_user_permissions OWNER TO "David";

--
-- Name: auth_user_user_permissions_id_seq; Type: SEQUENCE; Schema: public; Owner: David
--

ALTER TABLE public.auth_user_user_permissions ALTER COLUMN id ADD GENERATED BY DEFAULT AS IDENTITY (
    SEQUENCE NAME public.auth_user_user_permissions_id_seq
    START WITH 1
    INCREMENT BY 1
    NO MINVALUE
    NO MAXVALUE
    CACHE 1
);


--
-- Name: blog_category; Type: TABLE; Schema: public; Owner: David
--

CREATE TABLE public.blog_category (
    id bigint NOT NULL,
    name character varying(255) NOT NULL
);


ALTER TABLE public.blog_category OWNER TO "David";

--
-- Name: blog_category_id_seq; Type: SEQUENCE; Schema: public; Owner: David
--

ALTER TABLE public.blog_category ALTER COLUMN id ADD GENERATED BY DEFAULT AS IDENTITY (
    SEQUENCE NAME public.blog_category_id_seq
    START WITH 1
    INCREMENT BY 1
    NO MINVALUE
    NO MAXVALUE
    CACHE 1
);


--
-- Name: blog_comment; Type: TABLE; Schema: public; Owner: David
--

CREATE TABLE public.blog_comment (
    id bigint NOT NULL,
    name character varying(255) NOT NULL,
    subject character varying(255) NOT NULL,
    email character varying(254) NOT NULL,
    message text NOT NULL,
    approved boolean NOT NULL,
    created_date timestamp with time zone NOT NULL,
    updated_date timestamp with time zone NOT NULL,
    post_id bigint NOT NULL
);


ALTER TABLE public.blog_comment OWNER TO "David";

--
-- Name: blog_comment_id_seq; Type: SEQUENCE; Schema: public; Owner: David
--

ALTER TABLE public.blog_comment ALTER COLUMN id ADD GENERATED BY DEFAULT AS IDENTITY (
    SEQUENCE NAME public.blog_comment_id_seq
    START WITH 1
    INCREMENT BY 1
    NO MINVALUE
    NO MAXVALUE
    CACHE 1
);


--
-- Name: blog_post; Type: TABLE; Schema: public; Owner: David
--

CREATE TABLE public.blog_post (
    id bigint NOT NULL,
    title character varying(255) NOT NULL,
    content text NOT NULL,
    counted_view integer NOT NULL,
    status boolean NOT NULL,
    published_date timestamp with time zone,
    login_required boolean NOT NULL,
    created_date timestamp with time zone NOT NULL,
    updated_date timestamp with time zone NOT NULL,
    author_id integer,
    image character varying(100) NOT NULL
);


ALTER TABLE public.blog_post OWNER TO "David";

--
-- Name: blog_post_category; Type: TABLE; Schema: public; Owner: David
--

CREATE TABLE public.blog_post_category (
    id bigint NOT NULL,
    post_id bigint NOT NULL,
    category_id bigint NOT NULL
);


ALTER TABLE public.blog_post_category OWNER TO "David";

--
-- Name: blog_post_category_id_seq; Type: SEQUENCE; Schema: public; Owner: David
--

ALTER TABLE public.blog_post_category ALTER COLUMN id ADD GENERATED BY DEFAULT AS IDENTITY (
    SEQUENCE NAME public.blog_post_category_id_seq
    START WITH 1
    INCREMENT BY 1
    NO MINVALUE
    NO MAXVALUE
    CACHE 1
);


--
-- Name: blog_post_id_seq; Type: SEQUENCE; Schema: public; Owner: David
--

ALTER TABLE public.blog_post ALTER COLUMN id ADD GENERATED BY DEFAULT AS IDENTITY (
    SEQUENCE NAME public.blog_post_id_seq
    START WITH 1
    INCREMENT BY 1
    NO MINVALUE
    NO MAXVALUE
    CACHE 1
);


--
-- Name: django_admin_log; Type: TABLE; Schema: public; Owner: David
--

CREATE TABLE public.django_admin_log (
    id integer NOT NULL,
    action_time timestamp with time zone NOT NULL,
    object_id text,
    object_repr character varying(200) NOT NULL,
    action_flag smallint NOT NULL,
    change_message text NOT NULL,
    content_type_id integer,
    user_id integer NOT NULL,
    CONSTRAINT django_admin_log_action_flag_check CHECK ((action_flag >= 0))
);


ALTER TABLE public.django_admin_log OWNER TO "David";

--
-- Name: django_admin_log_id_seq; Type: SEQUENCE; Schema: public; Owner: David
--

ALTER TABLE public.django_admin_log ALTER COLUMN id ADD GENERATED BY DEFAULT AS IDENTITY (
    SEQUENCE NAME public.django_admin_log_id_seq
    START WITH 1
    INCREMENT BY 1
    NO MINVALUE
    NO MAXVALUE
    CACHE 1
);


--
-- Name: django_content_type; Type: TABLE; Schema: public; Owner: David
--

CREATE TABLE public.django_content_type (
    id integer NOT NULL,
    app_label character varying(100) NOT NULL,
    model character varying(100) NOT NULL
);


ALTER TABLE public.django_content_type OWNER TO "David";

--
-- Name: django_content_type_id_seq; Type: SEQUENCE; Schema: public; Owner: David
--

ALTER TABLE public.django_content_type ALTER COLUMN id ADD GENERATED BY DEFAULT AS IDENTITY (
    SEQUENCE NAME public.django_content_type_id_seq
    START WITH 1
    INCREMENT BY 1
    NO MINVALUE
    NO MAXVALUE
    CACHE 1
);


--
-- Name: django_migrations; Type: TABLE; Schema: public; Owner: David
--

CREATE TABLE public.django_migrations (
    id bigint NOT NULL,
    app character varying(255) NOT NULL,
    name character varying(255) NOT NULL,
    applied timestamp with time zone NOT NULL
);


ALTER TABLE public.django_migrations OWNER TO "David";

--
-- Name: django_migrations_id_seq; Type: SEQUENCE; Schema: public; Owner: David
--

ALTER TABLE public.django_migrations ALTER COLUMN id ADD GENERATED BY DEFAULT AS IDENTITY (
    SEQUENCE NAME public.django_migrations_id_seq
    START WITH 1
    INCREMENT BY 1
    NO MINVALUE
    NO MAXVALUE
    CACHE 1
);


--
-- Name: django_session; Type: TABLE; Schema: public; Owner: David
--

CREATE TABLE public.django_session (
    session_key character varying(40) NOT NULL,
    session_data text NOT NULL,
    expire_date timestamp with time zone NOT NULL
);


ALTER TABLE public.django_session OWNER TO "David";

--
-- Name: django_site; Type: TABLE; Schema: public; Owner: David
--

CREATE TABLE public.django_site (
    id integer NOT NULL,
    domain character varying(100) NOT NULL,
    name character varying(50) NOT NULL
);


ALTER TABLE public.django_site OWNER TO "David";

--
-- Name: django_site_id_seq; Type: SEQUENCE; Schema: public; Owner: David
--

ALTER TABLE public.django_site ALTER COLUMN id ADD GENERATED BY DEFAULT AS IDENTITY (
    SEQUENCE NAME public.django_site_id_seq
    START WITH 1
    INCREMENT BY 1
    NO MINVALUE
    NO MAXVALUE
    CACHE 1
);


--
-- Name: robots_rule; Type: TABLE; Schema: public; Owner: David
--

CREATE TABLE public.robots_rule (
    id bigint NOT NULL,
    robot character varying(255) NOT NULL,
    crawl_delay numeric(3,1)
);


ALTER TABLE public.robots_rule OWNER TO "David";

--
-- Name: robots_rule_allowed; Type: TABLE; Schema: public; Owner: David
--

CREATE TABLE public.robots_rule_allowed (
    id bigint NOT NULL,
    rule_id bigint NOT NULL,
    url_id bigint NOT NULL
);


ALTER TABLE public.robots_rule_allowed OWNER TO "David";

--
-- Name: robots_rule_allowed_id_seq; Type: SEQUENCE; Schema: public; Owner: David
--

ALTER TABLE public.robots_rule_allowed ALTER COLUMN id ADD GENERATED BY DEFAULT AS IDENTITY (
    SEQUENCE NAME public.robots_rule_allowed_id_seq
    START WITH 1
    INCREMENT BY 1
    NO MINVALUE
    NO MAXVALUE
    CACHE 1
);


--
-- Name: robots_rule_disallowed; Type: TABLE; Schema: public; Owner: David
--

CREATE TABLE public.robots_rule_disallowed (
    id bigint NOT NULL,
    rule_id bigint NOT NULL,
    url_id bigint NOT NULL
);


ALTER TABLE public.robots_rule_disallowed OWNER TO "David";

--
-- Name: robots_rule_disallowed_id_seq; Type: SEQUENCE; Schema: public; Owner: David
--

ALTER TABLE public.robots_rule_disallowed ALTER COLUMN id ADD GENERATED BY DEFAULT AS IDENTITY (
    SEQUENCE NAME public.robots_rule_disallowed_id_seq
    START WITH 1
    INCREMENT BY 1
    NO MINVALUE
    NO MAXVALUE
    CACHE 1
);


--
-- Name: robots_rule_id_seq; Type: SEQUENCE; Schema: public; Owner: David
--

ALTER TABLE public.robots_rule ALTER COLUMN id ADD GENERATED BY DEFAULT AS IDENTITY (
    SEQUENCE NAME public.robots_rule_id_seq
    START WITH 1
    INCREMENT BY 1
    NO MINVALUE
    NO MAXVALUE
    CACHE 1
);


--
-- Name: robots_rule_sites; Type: TABLE; Schema: public; Owner: David
--

CREATE TABLE public.robots_rule_sites (
    id bigint NOT NULL,
    rule_id bigint NOT NULL,
    site_id integer NOT NULL
);


ALTER TABLE public.robots_rule_sites OWNER TO "David";

--
-- Name: robots_rule_sites_id_seq; Type: SEQUENCE; Schema: public; Owner: David
--

ALTER TABLE public.robots_rule_sites ALTER COLUMN id ADD GENERATED BY DEFAULT AS IDENTITY (
    SEQUENCE NAME public.robots_rule_sites_id_seq
    START WITH 1
    INCREMENT BY 1
    NO MINVALUE
    NO MAXVALUE
    CACHE 1
);


--
-- Name: robots_url; Type: TABLE; Schema: public; Owner: David
--

CREATE TABLE public.robots_url (
    id bigint NOT NULL,
    pattern character varying(255) NOT NULL
);


ALTER TABLE public.robots_url OWNER TO "David";

--
-- Name: robots_url_id_seq; Type: SEQUENCE; Schema: public; Owner: David
--

ALTER TABLE public.robots_url ALTER COLUMN id ADD GENERATED BY DEFAULT AS IDENTITY (
    SEQUENCE NAME public.robots_url_id_seq
    START WITH 1
    INCREMENT BY 1
    NO MINVALUE
    NO MAXVALUE
    CACHE 1
);


--
-- Name: website_contact; Type: TABLE; Schema: public; Owner: David
--

CREATE TABLE public.website_contact (
    id bigint NOT NULL,
    first_name character varying(255) NOT NULL,
    last_name character varying(255) NOT NULL,
    subject character varying(255),
    email character varying(254) NOT NULL,
    message text NOT NULL,
    created_date timestamp with time zone NOT NULL,
    updated_date timestamp with time zone NOT NULL
);


ALTER TABLE public.website_contact OWNER TO "David";

--
-- Name: website_contact_id_seq; Type: SEQUENCE; Schema: public; Owner: David
--

ALTER TABLE public.website_contact ALTER COLUMN id ADD GENERATED BY DEFAULT AS IDENTITY (
    SEQUENCE NAME public.website_contact_id_seq
    START WITH 1
    INCREMENT BY 1
    NO MINVALUE
    NO MAXVALUE
    CACHE 1
);


--
-- Data for Name: auth_group; Type: TABLE DATA; Schema: public; Owner: David
--

COPY public.auth_group (id, name) FROM stdin;
\.


--
-- Data for Name: auth_group_permissions; Type: TABLE DATA; Schema: public; Owner: David
--

COPY public.auth_group_permissions (id, group_id, permission_id) FROM stdin;
\.


--
-- Data for Name: auth_permission; Type: TABLE DATA; Schema: public; Owner: David
--

COPY public.auth_permission (id, name, content_type_id, codename) FROM stdin;
1	Can add log entry	1	add_logentry
2	Can change log entry	1	change_logentry
3	Can delete log entry	1	delete_logentry
4	Can view log entry	1	view_logentry
5	Can add permission	2	add_permission
6	Can change permission	2	change_permission
7	Can delete permission	2	delete_permission
8	Can view permission	2	view_permission
9	Can add group	3	add_group
10	Can change group	3	change_group
11	Can delete group	3	delete_group
12	Can view group	3	view_group
13	Can add user	4	add_user
14	Can change user	4	change_user
15	Can delete user	4	delete_user
16	Can view user	4	view_user
17	Can add content type	5	add_contenttype
18	Can change content type	5	change_contenttype
19	Can delete content type	5	delete_contenttype
20	Can view content type	5	view_contenttype
21	Can add session	6	add_session
22	Can change session	6	change_session
23	Can delete session	6	delete_session
24	Can view session	6	view_session
25	Can add contact	7	add_contact
26	Can change contact	7	change_contact
27	Can delete contact	7	delete_contact
28	Can view contact	7	view_contact
29	Can add category	8	add_category
30	Can change category	8	change_category
31	Can delete category	8	delete_category
32	Can view category	8	view_category
33	Can add Post	9	add_post
34	Can change Post	9	change_post
35	Can delete Post	9	delete_post
36	Can view Post	9	view_post
37	Can add comment	10	add_comment
38	Can change comment	10	change_comment
39	Can delete comment	10	delete_comment
40	Can view comment	10	view_comment
41	Can add site	11	add_site
42	Can change site	11	change_site
43	Can delete site	11	delete_site
44	Can view site	11	view_site
45	Can add rule	12	add_rule
46	Can change rule	12	change_rule
47	Can delete rule	12	delete_rule
48	Can view rule	12	view_rule
49	Can add url	13	add_url
50	Can change url	13	change_url
51	Can delete url	13	delete_url
52	Can view url	13	view_url
\.


--
-- Data for Name: auth_user; Type: TABLE DATA; Schema: public; Owner: David
--

COPY public.auth_user (id, password, last_login, is_superuser, username, first_name, last_name, email, is_staff, is_active, date_joined) FROM stdin;
2	pbkdf2_sha256$600000$yqDB4OxMp4rSkJVt9k2LSP$p5zMgzQU3hXCjnSRyxNopSwakDwoFNX98Qbf9BadtSU=	\N	f	James	James	Collies	jamy@gmail.com	f	t	2024-12-28 21:39:26+03:30
3	pbkdf2_sha256$600000$Zok8e9pJf66XYBO7WMMgiR$HxeM13Lb1Ib2woC3IZxRjYj9PC5CFGC+W1DsAycgmoA=	\N	f	George	George	Orwell	aryathmasebi13810411@gmail.com	t	t	2024-12-28 21:42:29+03:30
4	pbkdf2_sha256$600000$W7enJ4LVw5li77eXtKzZVw$+3J14q2O2famfnsor0/hQZAyczv2i7z/QmucFVo1vxo=	2024-12-28 21:50:58+03:30	t	Albert	Albert	Camus	Thefall@gmail.com	t	t	2024-12-28 21:50:11+03:30
5	pbkdf2_sha256$600000$9po8Usvlp9X1oNBgBmaPAw$7wSwsXJM2xLK9noR15l9e7IYQs/1QFwHUjqdH6wmWjw=	2025-01-05 20:07:16.205874+03:30	f	Afshin	Afshin	Tahmasebi	aryatahmasebi13810411@gmail.com	t	t	2025-01-05 19:56:12+03:30
1	pbkdf2_sha256$600000$ugVfmum6N09YA2YGCAkQTO$WHTCb9dBzk9vVw1HQbsfNdRt0NjWS8FwGxtXTjLry7s=	2025-01-07 15:46:48.789943+03:30	t	admin			aryatahmasebi2002gs@gmail.com	t	t	2024-12-27 19:43:34.435167+03:30
\.


--
-- Data for Name: auth_user_groups; Type: TABLE DATA; Schema: public; Owner: David
--

COPY public.auth_user_groups (id, user_id, group_id) FROM stdin;
\.


--
-- Data for Name: auth_user_user_permissions; Type: TABLE DATA; Schema: public; Owner: David
--

COPY public.auth_user_user_permissions (id, user_id, permission_id) FROM stdin;
1	2	32
2	2	33
3	2	34
4	2	35
5	2	36
6	2	37
7	2	38
8	2	39
9	2	16
10	2	25
11	2	26
12	2	27
13	2	28
14	2	29
15	2	30
16	2	31
17	3	9
18	3	10
19	3	11
20	3	12
21	3	17
22	3	18
23	3	19
24	3	20
25	3	21
26	3	22
27	3	23
28	3	24
29	3	25
30	3	26
31	3	27
32	3	28
33	3	29
34	3	30
35	3	31
36	3	32
37	3	33
38	3	34
39	3	35
40	3	36
41	3	37
42	3	38
43	3	39
44	3	40
45	5	1
46	5	2
47	5	3
48	5	4
49	5	17
50	5	18
51	5	19
52	5	20
53	5	21
54	5	22
55	5	23
56	5	24
57	5	25
58	5	26
59	5	27
60	5	28
61	5	29
62	5	30
63	5	31
64	5	32
65	5	33
66	5	34
67	5	35
68	5	36
69	5	37
70	5	38
71	5	39
72	5	40
\.


--
-- Data for Name: blog_category; Type: TABLE DATA; Schema: public; Owner: David
--

COPY public.blog_category (id, name) FROM stdin;
2	Design
3	Technology
4	Architecture
5	Building
6	Towers
\.


--
-- Data for Name: blog_comment; Type: TABLE DATA; Schema: public; Owner: David
--

COPY public.blog_comment (id, name, subject, email, message, approved, created_date, updated_date, post_id) FROM stdin;
\.


--
-- Data for Name: blog_post; Type: TABLE DATA; Schema: public; Owner: David
--

COPY public.blog_post (id, title, content, counted_view, status, published_date, login_required, created_date, updated_date, author_id, image) FROM stdin;
4	Engineering smart factories of the future	Trying to catch up with every new social network? Do you find yourself juggling with copy and images to make sure to share at least a certain number of social media posts each	30	t	2024-12-28 21:53:29+03:30	f	2024-12-28 21:53:31.444122+03:30	2025-01-09 17:21:18.717106+03:30	2	blog/blog_post-7.jpg
1	New Wellhead Design Speeds Up Operations	Trying to catch up with every new social network? Do you find yourself juggling with copy and images to make sure to share at least a certain number of social media posts each	10	t	2024-12-28 21:47:05+03:30	t	2024-12-28 21:47:16.874075+03:30	2025-01-08 19:52:59.528222+03:30	2	blog/blog_post-13.jpg
6	Machinery automation: A double edged sword	Trying to catch up with every new social network? Do you find yourself juggling with copy and images to make sure to share at least a certain number of social media posts each	14	t	2024-12-28 23:38:08+03:30	f	2024-12-28 23:38:12.068307+03:30	2025-01-08 19:56:22.581862+03:30	4	blog/blog_post-8.jpg
2	Understanding the cost of quality	Trying to catch up with every new social network? Do you find yourself juggling with copy and images to make sure to share at least a certain number of social media posts each	30	t	2024-12-28 21:49:24+03:30	f	2024-12-28 21:49:29.547093+03:30	2025-01-08 21:42:51.841248+03:30	3	blog/default.jpg
5	Corrosion—The Longest War	Trying to catch up with every new social network? Do you find yourself juggling with copy and images to make sure to share at least a certain number of social media posts each	3	t	2024-12-28 21:54:03+03:30	f	2024-12-28 21:54:04.716129+03:30	2025-01-08 21:44:38.895315+03:30	3	blog/blog_post-5.jpg
3	Making an Industrial Powerhouse Again	Trying to catch up with every new social network? Do you find yourself juggling with copy and images to make sure to share at least a certain number of social media posts	5	t	2024-12-28 21:52:43+03:30	t	2024-12-28 21:52:45.04312+03:30	2025-01-08 21:45:39.051994+03:30	4	blog/blog_post-3.jpg
\.


--
-- Data for Name: blog_post_category; Type: TABLE DATA; Schema: public; Owner: David
--

COPY public.blog_post_category (id, post_id, category_id) FROM stdin;
5	2	4
7	3	6
10	4	3
11	5	5
12	6	4
13	1	3
14	1	4
\.


--
-- Data for Name: django_admin_log; Type: TABLE DATA; Schema: public; Owner: David
--

COPY public.django_admin_log (id, action_time, object_id, object_repr, action_flag, change_message, content_type_id, user_id) FROM stdin;
1	2024-12-27 20:57:43.948515+03:30	2	Contact object (2)	3		7	1
2	2024-12-27 20:57:44.009892+03:30	1	Contact object (1)	3		7	1
3	2024-12-28 21:39:28.543416+03:30	2	James	1	[{"added": {}}]	4	1
4	2024-12-28 21:41:14.301638+03:30	2	James	2	[{"changed": {"fields": ["First name", "Last name", "Email address", "User permissions"]}}]	4	1
5	2024-12-28 21:42:30.573031+03:30	3	George	1	[{"added": {}}]	4	1
6	2024-12-28 21:43:26.275861+03:30	3	George	2	[{"changed": {"fields": ["First name", "Last name", "Email address", "Staff status", "User permissions"]}}]	4	1
7	2024-12-28 21:46:04.116096+03:30	1	Bulding	1	[{"added": {}}]	8	1
8	2024-12-28 21:46:44.19766+03:30	2	Design	1	[{"added": {}}]	8	1
9	2024-12-28 21:46:54.688075+03:30	3	Technology	1	[{"added": {}}]	8	1
10	2024-12-28 21:47:16.907075+03:30	1	New Wellhead Design Speeds Up Operations	1	[{"added": {}}]	9	1
11	2024-12-28 21:48:55.04708+03:30	4	Architecture	1	[{"added": {}}]	8	1
12	2024-12-28 21:49:29.563094+03:30	2	Understanding the cost of quality	1	[{"added": {}}]	9	1
13	2024-12-28 21:50:12.738283+03:30	4	Albert	1	[{"added": {}}]	4	1
14	2024-12-28 21:51:00.695105+03:30	4	Albert	2	[{"changed": {"fields": ["First name", "Last name", "Email address", "Staff status", "Superuser status", "Last login"]}}]	4	1
15	2024-12-28 21:51:23.824697+03:30	1	Bulding	3		8	1
16	2024-12-28 21:51:42.043506+03:30	5	Building	1	[{"added": {}}]	8	1
17	2024-12-28 21:51:54.625772+03:30	6	Towers	1	[{"added": {}}]	8	1
18	2024-12-28 21:52:45.058117+03:30	3	Making an Industrial Powerhouse Again	1	[{"added": {}}]	9	1
19	2024-12-28 21:53:31.463912+03:30	4	Engineering smart factories of the future	1	[{"added": {}}]	9	1
20	2024-12-28 21:54:04.731128+03:30	5	Corrosion—The Longest War	1	[{"added": {}}]	9	1
21	2024-12-28 22:16:17.988865+03:30	1	New Wellhead Design Speeds Up Operations	2	[{"changed": {"fields": ["Image"]}}]	9	1
22	2024-12-28 22:22:54.290103+03:30	1	New Wellhead Design Speeds Up Operations	2	[{"changed": {"fields": ["Category"]}}]	9	1
23	2024-12-28 22:23:02.501344+03:30	2	Understanding the cost of quality	2	[{"changed": {"fields": ["Category"]}}]	9	1
24	2024-12-28 22:23:11.012426+03:30	3	Making an Industrial Powerhouse Again	2	[{"changed": {"fields": ["Category"]}}]	9	1
25	2024-12-28 22:23:20.713351+03:30	4	Engineering smart factories of the future	2	[{"changed": {"fields": ["Category"]}}]	9	1
26	2024-12-28 22:23:28.877347+03:30	5	Corrosion—The Longest War	2	[{"changed": {"fields": ["Category"]}}]	9	1
27	2024-12-28 23:38:12.095306+03:30	6	Machinery automation: A double edged sword	1	[{"added": {}}]	9	1
28	2025-01-05 19:59:17.111534+03:30	5	Afshin	2	[{"changed": {"fields": ["First name", "Last name", "Staff status", "User permissions"]}}]	4	1
29	2025-01-06 18:05:16.388703+03:30	1	New Wellhead Design Speeds Up Operations	2	[{"changed": {"fields": ["Login required"]}}]	9	1
30	2025-01-06 18:05:31.969667+03:30	3	Making an Industrial Powerhouse Again	2	[{"changed": {"fields": ["Login required"]}}]	9	1
31	2025-01-06 18:23:09.172912+03:30	1	New Wellhead Design Speeds Up Operations	2	[{"changed": {"fields": ["Category"]}}]	9	1
32	2025-01-08 21:44:02.742937+03:30	3	Making an Industrial Powerhouse Again	2	[{"changed": {"fields": ["Image"]}}]	9	1
33	2025-01-08 21:44:23.47199+03:30	4	Engineering smart factories of the future	2	[{"changed": {"fields": ["Image"]}}]	9	1
34	2025-01-08 21:44:38.909314+03:30	5	Corrosion—The Longest War	2	[{"changed": {"fields": ["Image"]}}]	9	1
\.


--
-- Data for Name: django_content_type; Type: TABLE DATA; Schema: public; Owner: David
--

COPY public.django_content_type (id, app_label, model) FROM stdin;
1	admin	logentry
2	auth	permission
3	auth	group
4	auth	user
5	contenttypes	contenttype
6	sessions	session
7	website	contact
8	blog	category
9	blog	post
10	blog	comment
11	sites	site
12	robots	rule
13	robots	url
\.


--
-- Data for Name: django_migrations; Type: TABLE DATA; Schema: public; Owner: David
--

COPY public.django_migrations (id, app, name, applied) FROM stdin;
1	contenttypes	0001_initial	2024-12-22 21:12:37.543402+03:30
2	auth	0001_initial	2024-12-22 21:12:37.775296+03:30
3	admin	0001_initial	2024-12-22 21:12:37.843297+03:30
4	admin	0002_logentry_remove_auto_add	2024-12-22 21:12:37.862297+03:30
5	admin	0003_logentry_add_action_flag_choices	2024-12-22 21:12:37.886298+03:30
6	contenttypes	0002_remove_content_type_name	2024-12-22 21:12:37.937297+03:30
7	auth	0002_alter_permission_name_max_length	2024-12-22 21:12:37.990302+03:30
8	auth	0003_alter_user_email_max_length	2024-12-22 21:12:38.041296+03:30
9	auth	0004_alter_user_username_opts	2024-12-22 21:12:38.140298+03:30
10	auth	0005_alter_user_last_login_null	2024-12-22 21:12:38.160299+03:30
11	auth	0006_require_contenttypes_0002	2024-12-22 21:12:38.167297+03:30
12	auth	0007_alter_validators_add_error_messages	2024-12-22 21:12:38.184298+03:30
13	auth	0008_alter_user_username_max_length	2024-12-22 21:12:38.220297+03:30
14	auth	0009_alter_user_last_name_max_length	2024-12-22 21:12:38.240295+03:30
15	auth	0010_alter_group_name_max_length	2024-12-22 21:12:38.271301+03:30
16	auth	0011_update_proxy_permissions	2024-12-22 21:12:38.294299+03:30
17	auth	0012_alter_user_first_name_max_length	2024-12-22 21:12:38.325298+03:30
18	sessions	0001_initial	2024-12-22 21:12:38.364298+03:30
19	website	0001_initial	2024-12-22 21:12:38.425297+03:30
20	blog	0001_initial	2024-12-27 19:20:54.318692+03:30
21	blog	0002_post_image	2024-12-28 22:15:37.280114+03:30
22	sites	0001_initial	2025-01-08 18:16:30.623128+03:30
23	sites	0002_alter_domain_unique	2025-01-08 18:16:30.660448+03:30
24	robots	0001_initial	2025-01-08 18:20:59.878127+03:30
25	robots	0002_alter_id_fields	2025-01-08 18:21:00.187958+03:30
\.


--
-- Data for Name: django_session; Type: TABLE DATA; Schema: public; Owner: David
--

COPY public.django_session (session_key, session_data, expire_date) FROM stdin;
w1vz26esncermapav7a844qv493ox6h2	.eJxVjDsOwjAQBe_iGllxFv8o6XMGa727wQHkSHFSIe4OkVJA-2bmvVTCbS1pa7KkidVFGXX63TLSQ-oO-I71Nmua67pMWe-KPmjTw8zyvB7u30HBVr71OViJEIGRnAdvgAkdxD72SB7yKIHFBHE0Zi8hWkEjHHJ2hrrOCqv3B-pZOKY:1tUoEd:uFzJ446Hw4LNYL9TpOcz19xiij23eTYs3J3hswFpHHk	2025-01-20 18:07:39.856803+03:30
4wlhbgk40o3ph98x6qveodv4tj5ihch5	.eJxVjEEOwiAQRe_C2hCmQym4dO8ZyJQZpGpoUtqV8e7apAvd_vfef6lI21ri1mSJE6uzAnX63UZKD6k74DvV26zTXNdlGvWu6IM2fZ1ZnpfD_Tso1Mq3DgjBEgIZlpCzGzpk5xOh9w4sSBDbO8to0TjgZAxBIi_cBwxdHlC9P8aoNxc:1tV8Vs:ThjR4sH3P2XBnF3MHaQEnDqkXagl1WqNr0N-_NCTPDo	2025-01-21 15:46:48.817941+03:30
\.


--
-- Data for Name: django_site; Type: TABLE DATA; Schema: public; Owner: David
--

COPY public.django_site (id, domain, name) FROM stdin;
2	example.com	example.com
\.


--
-- Data for Name: robots_rule; Type: TABLE DATA; Schema: public; Owner: David
--

COPY public.robots_rule (id, robot, crawl_delay) FROM stdin;
\.


--
-- Data for Name: robots_rule_allowed; Type: TABLE DATA; Schema: public; Owner: David
--

COPY public.robots_rule_allowed (id, rule_id, url_id) FROM stdin;
\.


--
-- Data for Name: robots_rule_disallowed; Type: TABLE DATA; Schema: public; Owner: David
--

COPY public.robots_rule_disallowed (id, rule_id, url_id) FROM stdin;
\.


--
-- Data for Name: robots_rule_sites; Type: TABLE DATA; Schema: public; Owner: David
--

COPY public.robots_rule_sites (id, rule_id, site_id) FROM stdin;
\.


--
-- Data for Name: robots_url; Type: TABLE DATA; Schema: public; Owner: David
--

COPY public.robots_url (id, pattern) FROM stdin;
\.


--
-- Data for Name: website_contact; Type: TABLE DATA; Schema: public; Owner: David
--

COPY public.website_contact (id, first_name, last_name, subject, email, message, created_date, updated_date) FROM stdin;
\.


--
-- Name: auth_group_id_seq; Type: SEQUENCE SET; Schema: public; Owner: David
--

SELECT pg_catalog.setval('public.auth_group_id_seq', 1, false);


--
-- Name: auth_group_permissions_id_seq; Type: SEQUENCE SET; Schema: public; Owner: David
--

SELECT pg_catalog.setval('public.auth_group_permissions_id_seq', 1, false);


--
-- Name: auth_permission_id_seq; Type: SEQUENCE SET; Schema: public; Owner: David
--

SELECT pg_catalog.setval('public.auth_permission_id_seq', 52, true);


--
-- Name: auth_user_groups_id_seq; Type: SEQUENCE SET; Schema: public; Owner: David
--

SELECT pg_catalog.setval('public.auth_user_groups_id_seq', 1, false);


--
-- Name: auth_user_id_seq; Type: SEQUENCE SET; Schema: public; Owner: David
--

SELECT pg_catalog.setval('public.auth_user_id_seq', 5, true);


--
-- Name: auth_user_user_permissions_id_seq; Type: SEQUENCE SET; Schema: public; Owner: David
--

SELECT pg_catalog.setval('public.auth_user_user_permissions_id_seq', 72, true);


--
-- Name: blog_category_id_seq; Type: SEQUENCE SET; Schema: public; Owner: David
--

SELECT pg_catalog.setval('public.blog_category_id_seq', 6, true);


--
-- Name: blog_comment_id_seq; Type: SEQUENCE SET; Schema: public; Owner: David
--

SELECT pg_catalog.setval('public.blog_comment_id_seq', 1, false);


--
-- Name: blog_post_category_id_seq; Type: SEQUENCE SET; Schema: public; Owner: David
--

SELECT pg_catalog.setval('public.blog_post_category_id_seq', 14, true);


--
-- Name: blog_post_id_seq; Type: SEQUENCE SET; Schema: public; Owner: David
--

SELECT pg_catalog.setval('public.blog_post_id_seq', 6, true);


--
-- Name: django_admin_log_id_seq; Type: SEQUENCE SET; Schema: public; Owner: David
--

SELECT pg_catalog.setval('public.django_admin_log_id_seq', 34, true);


--
-- Name: django_content_type_id_seq; Type: SEQUENCE SET; Schema: public; Owner: David
--

SELECT pg_catalog.setval('public.django_content_type_id_seq', 13, true);


--
-- Name: django_migrations_id_seq; Type: SEQUENCE SET; Schema: public; Owner: David
--

SELECT pg_catalog.setval('public.django_migrations_id_seq', 25, true);


--
-- Name: django_site_id_seq; Type: SEQUENCE SET; Schema: public; Owner: David
--

SELECT pg_catalog.setval('public.django_site_id_seq', 2, true);


--
-- Name: robots_rule_allowed_id_seq; Type: SEQUENCE SET; Schema: public; Owner: David
--

SELECT pg_catalog.setval('public.robots_rule_allowed_id_seq', 1, false);


--
-- Name: robots_rule_disallowed_id_seq; Type: SEQUENCE SET; Schema: public; Owner: David
--

SELECT pg_catalog.setval('public.robots_rule_disallowed_id_seq', 1, false);


--
-- Name: robots_rule_id_seq; Type: SEQUENCE SET; Schema: public; Owner: David
--

SELECT pg_catalog.setval('public.robots_rule_id_seq', 1, false);


--
-- Name: robots_rule_sites_id_seq; Type: SEQUENCE SET; Schema: public; Owner: David
--

SELECT pg_catalog.setval('public.robots_rule_sites_id_seq', 1, false);


--
-- Name: robots_url_id_seq; Type: SEQUENCE SET; Schema: public; Owner: David
--

SELECT pg_catalog.setval('public.robots_url_id_seq', 1, false);


--
-- Name: website_contact_id_seq; Type: SEQUENCE SET; Schema: public; Owner: David
--

SELECT pg_catalog.setval('public.website_contact_id_seq', 2, true);


--
-- Name: auth_group auth_group_name_key; Type: CONSTRAINT; Schema: public; Owner: David
--

ALTER TABLE ONLY public.auth_group
    ADD CONSTRAINT auth_group_name_key UNIQUE (name);


--
-- Name: auth_group_permissions auth_group_permissions_group_id_permission_id_0cd325b0_uniq; Type: CONSTRAINT; Schema: public; Owner: David
--

ALTER TABLE ONLY public.auth_group_permissions
    ADD CONSTRAINT auth_group_permissions_group_id_permission_id_0cd325b0_uniq UNIQUE (group_id, permission_id);


--
-- Name: auth_group_permissions auth_group_permissions_pkey; Type: CONSTRAINT; Schema: public; Owner: David
--

ALTER TABLE ONLY public.auth_group_permissions
    ADD CONSTRAINT auth_group_permissions_pkey PRIMARY KEY (id);


--
-- Name: auth_group auth_group_pkey; Type: CONSTRAINT; Schema: public; Owner: David
--

ALTER TABLE ONLY public.auth_group
    ADD CONSTRAINT auth_group_pkey PRIMARY KEY (id);


--
-- Name: auth_permission auth_permission_content_type_id_codename_01ab375a_uniq; Type: CONSTRAINT; Schema: public; Owner: David
--

ALTER TABLE ONLY public.auth_permission
    ADD CONSTRAINT auth_permission_content_type_id_codename_01ab375a_uniq UNIQUE (content_type_id, codename);


--
-- Name: auth_permission auth_permission_pkey; Type: CONSTRAINT; Schema: public; Owner: David
--

ALTER TABLE ONLY public.auth_permission
    ADD CONSTRAINT auth_permission_pkey PRIMARY KEY (id);


--
-- Name: auth_user_groups auth_user_groups_pkey; Type: CONSTRAINT; Schema: public; Owner: David
--

ALTER TABLE ONLY public.auth_user_groups
    ADD CONSTRAINT auth_user_groups_pkey PRIMARY KEY (id);


--
-- Name: auth_user_groups auth_user_groups_user_id_group_id_94350c0c_uniq; Type: CONSTRAINT; Schema: public; Owner: David
--

ALTER TABLE ONLY public.auth_user_groups
    ADD CONSTRAINT auth_user_groups_user_id_group_id_94350c0c_uniq UNIQUE (user_id, group_id);


--
-- Name: auth_user auth_user_pkey; Type: CONSTRAINT; Schema: public; Owner: David
--

ALTER TABLE ONLY public.auth_user
    ADD CONSTRAINT auth_user_pkey PRIMARY KEY (id);


--
-- Name: auth_user_user_permissions auth_user_user_permissions_pkey; Type: CONSTRAINT; Schema: public; Owner: David
--

ALTER TABLE ONLY public.auth_user_user_permissions
    ADD CONSTRAINT auth_user_user_permissions_pkey PRIMARY KEY (id);


--
-- Name: auth_user_user_permissions auth_user_user_permissions_user_id_permission_id_14a6b632_uniq; Type: CONSTRAINT; Schema: public; Owner: David
--

ALTER TABLE ONLY public.auth_user_user_permissions
    ADD CONSTRAINT auth_user_user_permissions_user_id_permission_id_14a6b632_uniq UNIQUE (user_id, permission_id);


--
-- Name: auth_user auth_user_username_key; Type: CONSTRAINT; Schema: public; Owner: David
--

ALTER TABLE ONLY public.auth_user
    ADD CONSTRAINT auth_user_username_key UNIQUE (username);


--
-- Name: blog_category blog_category_pkey; Type: CONSTRAINT; Schema: public; Owner: David
--

ALTER TABLE ONLY public.blog_category
    ADD CONSTRAINT blog_category_pkey PRIMARY KEY (id);


--
-- Name: blog_comment blog_comment_pkey; Type: CONSTRAINT; Schema: public; Owner: David
--

ALTER TABLE ONLY public.blog_comment
    ADD CONSTRAINT blog_comment_pkey PRIMARY KEY (id);


--
-- Name: blog_post_category blog_post_category_pkey; Type: CONSTRAINT; Schema: public; Owner: David
--

ALTER TABLE ONLY public.blog_post_category
    ADD CONSTRAINT blog_post_category_pkey PRIMARY KEY (id);


--
-- Name: blog_post_category blog_post_category_post_id_category_id_189979f4_uniq; Type: CONSTRAINT; Schema: public; Owner: David
--

ALTER TABLE ONLY public.blog_post_category
    ADD CONSTRAINT blog_post_category_post_id_category_id_189979f4_uniq UNIQUE (post_id, category_id);


--
-- Name: blog_post blog_post_pkey; Type: CONSTRAINT; Schema: public; Owner: David
--

ALTER TABLE ONLY public.blog_post
    ADD CONSTRAINT blog_post_pkey PRIMARY KEY (id);


--
-- Name: django_admin_log django_admin_log_pkey; Type: CONSTRAINT; Schema: public; Owner: David
--

ALTER TABLE ONLY public.django_admin_log
    ADD CONSTRAINT django_admin_log_pkey PRIMARY KEY (id);


--
-- Name: django_content_type django_content_type_app_label_model_76bd3d3b_uniq; Type: CONSTRAINT; Schema: public; Owner: David
--

ALTER TABLE ONLY public.django_content_type
    ADD CONSTRAINT django_content_type_app_label_model_76bd3d3b_uniq UNIQUE (app_label, model);


--
-- Name: django_content_type django_content_type_pkey; Type: CONSTRAINT; Schema: public; Owner: David
--

ALTER TABLE ONLY public.django_content_type
    ADD CONSTRAINT django_content_type_pkey PRIMARY KEY (id);


--
-- Name: django_migrations django_migrations_pkey; Type: CONSTRAINT; Schema: public; Owner: David
--

ALTER TABLE ONLY public.django_migrations
    ADD CONSTRAINT django_migrations_pkey PRIMARY KEY (id);


--
-- Name: django_session django_session_pkey; Type: CONSTRAINT; Schema: public; Owner: David
--

ALTER TABLE ONLY public.django_session
    ADD CONSTRAINT django_session_pkey PRIMARY KEY (session_key);


--
-- Name: django_site django_site_domain_a2e37b91_uniq; Type: CONSTRAINT; Schema: public; Owner: David
--

ALTER TABLE ONLY public.django_site
    ADD CONSTRAINT django_site_domain_a2e37b91_uniq UNIQUE (domain);


--
-- Name: django_site django_site_pkey; Type: CONSTRAINT; Schema: public; Owner: David
--

ALTER TABLE ONLY public.django_site
    ADD CONSTRAINT django_site_pkey PRIMARY KEY (id);


--
-- Name: robots_rule_allowed robots_rule_allowed_pkey; Type: CONSTRAINT; Schema: public; Owner: David
--

ALTER TABLE ONLY public.robots_rule_allowed
    ADD CONSTRAINT robots_rule_allowed_pkey PRIMARY KEY (id);


--
-- Name: robots_rule_allowed robots_rule_allowed_rule_id_url_id_83b262d4_uniq; Type: CONSTRAINT; Schema: public; Owner: David
--

ALTER TABLE ONLY public.robots_rule_allowed
    ADD CONSTRAINT robots_rule_allowed_rule_id_url_id_83b262d4_uniq UNIQUE (rule_id, url_id);


--
-- Name: robots_rule_disallowed robots_rule_disallowed_pkey; Type: CONSTRAINT; Schema: public; Owner: David
--

ALTER TABLE ONLY public.robots_rule_disallowed
    ADD CONSTRAINT robots_rule_disallowed_pkey PRIMARY KEY (id);


--
-- Name: robots_rule_disallowed robots_rule_disallowed_rule_id_url_id_4d9b6222_uniq; Type: CONSTRAINT; Schema: public; Owner: David
--

ALTER TABLE ONLY public.robots_rule_disallowed
    ADD CONSTRAINT robots_rule_disallowed_rule_id_url_id_4d9b6222_uniq UNIQUE (rule_id, url_id);


--
-- Name: robots_rule robots_rule_pkey; Type: CONSTRAINT; Schema: public; Owner: David
--

ALTER TABLE ONLY public.robots_rule
    ADD CONSTRAINT robots_rule_pkey PRIMARY KEY (id);


--
-- Name: robots_rule_sites robots_rule_sites_pkey; Type: CONSTRAINT; Schema: public; Owner: David
--

ALTER TABLE ONLY public.robots_rule_sites
    ADD CONSTRAINT robots_rule_sites_pkey PRIMARY KEY (id);


--
-- Name: robots_rule_sites robots_rule_sites_rule_id_site_id_093f04ea_uniq; Type: CONSTRAINT; Schema: public; Owner: David
--

ALTER TABLE ONLY public.robots_rule_sites
    ADD CONSTRAINT robots_rule_sites_rule_id_site_id_093f04ea_uniq UNIQUE (rule_id, site_id);


--
-- Name: robots_url robots_url_pkey; Type: CONSTRAINT; Schema: public; Owner: David
--

ALTER TABLE ONLY public.robots_url
    ADD CONSTRAINT robots_url_pkey PRIMARY KEY (id);


--
-- Name: website_contact website_contact_pkey; Type: CONSTRAINT; Schema: public; Owner: David
--

ALTER TABLE ONLY public.website_contact
    ADD CONSTRAINT website_contact_pkey PRIMARY KEY (id);


--
-- Name: auth_group_name_a6ea08ec_like; Type: INDEX; Schema: public; Owner: David
--

CREATE INDEX auth_group_name_a6ea08ec_like ON public.auth_group USING btree (name varchar_pattern_ops);


--
-- Name: auth_group_permissions_group_id_b120cbf9; Type: INDEX; Schema: public; Owner: David
--

CREATE INDEX auth_group_permissions_group_id_b120cbf9 ON public.auth_group_permissions USING btree (group_id);


--
-- Name: auth_group_permissions_permission_id_84c5c92e; Type: INDEX; Schema: public; Owner: David
--

CREATE INDEX auth_group_permissions_permission_id_84c5c92e ON public.auth_group_permissions USING btree (permission_id);


--
-- Name: auth_permission_content_type_id_2f476e4b; Type: INDEX; Schema: public; Owner: David
--

CREATE INDEX auth_permission_content_type_id_2f476e4b ON public.auth_permission USING btree (content_type_id);


--
-- Name: auth_user_groups_group_id_97559544; Type: INDEX; Schema: public; Owner: David
--

CREATE INDEX auth_user_groups_group_id_97559544 ON public.auth_user_groups USING btree (group_id);


--
-- Name: auth_user_groups_user_id_6a12ed8b; Type: INDEX; Schema: public; Owner: David
--

CREATE INDEX auth_user_groups_user_id_6a12ed8b ON public.auth_user_groups USING btree (user_id);


--
-- Name: auth_user_user_permissions_permission_id_1fbb5f2c; Type: INDEX; Schema: public; Owner: David
--

CREATE INDEX auth_user_user_permissions_permission_id_1fbb5f2c ON public.auth_user_user_permissions USING btree (permission_id);


--
-- Name: auth_user_user_permissions_user_id_a95ead1b; Type: INDEX; Schema: public; Owner: David
--

CREATE INDEX auth_user_user_permissions_user_id_a95ead1b ON public.auth_user_user_permissions USING btree (user_id);


--
-- Name: auth_user_username_6821ab7c_like; Type: INDEX; Schema: public; Owner: David
--

CREATE INDEX auth_user_username_6821ab7c_like ON public.auth_user USING btree (username varchar_pattern_ops);


--
-- Name: blog_comment_post_id_580e96ef; Type: INDEX; Schema: public; Owner: David
--

CREATE INDEX blog_comment_post_id_580e96ef ON public.blog_comment USING btree (post_id);


--
-- Name: blog_post_author_id_dd7a8485; Type: INDEX; Schema: public; Owner: David
--

CREATE INDEX blog_post_author_id_dd7a8485 ON public.blog_post USING btree (author_id);


--
-- Name: blog_post_category_category_id_e1f613f9; Type: INDEX; Schema: public; Owner: David
--

CREATE INDEX blog_post_category_category_id_e1f613f9 ON public.blog_post_category USING btree (category_id);


--
-- Name: blog_post_category_post_id_d7c84b08; Type: INDEX; Schema: public; Owner: David
--

CREATE INDEX blog_post_category_post_id_d7c84b08 ON public.blog_post_category USING btree (post_id);


--
-- Name: django_admin_log_content_type_id_c4bce8eb; Type: INDEX; Schema: public; Owner: David
--

CREATE INDEX django_admin_log_content_type_id_c4bce8eb ON public.django_admin_log USING btree (content_type_id);


--
-- Name: django_admin_log_user_id_c564eba6; Type: INDEX; Schema: public; Owner: David
--

CREATE INDEX django_admin_log_user_id_c564eba6 ON public.django_admin_log USING btree (user_id);


--
-- Name: django_session_expire_date_a5c62663; Type: INDEX; Schema: public; Owner: David
--

CREATE INDEX django_session_expire_date_a5c62663 ON public.django_session USING btree (expire_date);


--
-- Name: django_session_session_key_c0390e0f_like; Type: INDEX; Schema: public; Owner: David
--

CREATE INDEX django_session_session_key_c0390e0f_like ON public.django_session USING btree (session_key varchar_pattern_ops);


--
-- Name: django_site_domain_a2e37b91_like; Type: INDEX; Schema: public; Owner: David
--

CREATE INDEX django_site_domain_a2e37b91_like ON public.django_site USING btree (domain varchar_pattern_ops);


--
-- Name: robots_rule_allowed_rule_id_aa90358c; Type: INDEX; Schema: public; Owner: David
--

CREATE INDEX robots_rule_allowed_rule_id_aa90358c ON public.robots_rule_allowed USING btree (rule_id);


--
-- Name: robots_rule_allowed_url_id_6157f60a; Type: INDEX; Schema: public; Owner: David
--

CREATE INDEX robots_rule_allowed_url_id_6157f60a ON public.robots_rule_allowed USING btree (url_id);


--
-- Name: robots_rule_disallowed_rule_id_fad7328c; Type: INDEX; Schema: public; Owner: David
--

CREATE INDEX robots_rule_disallowed_rule_id_fad7328c ON public.robots_rule_disallowed USING btree (rule_id);


--
-- Name: robots_rule_disallowed_url_id_8e02db92; Type: INDEX; Schema: public; Owner: David
--

CREATE INDEX robots_rule_disallowed_url_id_8e02db92 ON public.robots_rule_disallowed USING btree (url_id);


--
-- Name: robots_rule_sites_rule_id_7921a799; Type: INDEX; Schema: public; Owner: David
--

CREATE INDEX robots_rule_sites_rule_id_7921a799 ON public.robots_rule_sites USING btree (rule_id);


--
-- Name: robots_rule_sites_site_id_efe5be97; Type: INDEX; Schema: public; Owner: David
--

CREATE INDEX robots_rule_sites_site_id_efe5be97 ON public.robots_rule_sites USING btree (site_id);


--
-- Name: auth_group_permissions auth_group_permissio_permission_id_84c5c92e_fk_auth_perm; Type: FK CONSTRAINT; Schema: public; Owner: David
--

ALTER TABLE ONLY public.auth_group_permissions
    ADD CONSTRAINT auth_group_permissio_permission_id_84c5c92e_fk_auth_perm FOREIGN KEY (permission_id) REFERENCES public.auth_permission(id) DEFERRABLE INITIALLY DEFERRED;


--
-- Name: auth_group_permissions auth_group_permissions_group_id_b120cbf9_fk_auth_group_id; Type: FK CONSTRAINT; Schema: public; Owner: David
--

ALTER TABLE ONLY public.auth_group_permissions
    ADD CONSTRAINT auth_group_permissions_group_id_b120cbf9_fk_auth_group_id FOREIGN KEY (group_id) REFERENCES public.auth_group(id) DEFERRABLE INITIALLY DEFERRED;


--
-- Name: auth_permission auth_permission_content_type_id_2f476e4b_fk_django_co; Type: FK CONSTRAINT; Schema: public; Owner: David
--

ALTER TABLE ONLY public.auth_permission
    ADD CONSTRAINT auth_permission_content_type_id_2f476e4b_fk_django_co FOREIGN KEY (content_type_id) REFERENCES public.django_content_type(id) DEFERRABLE INITIALLY DEFERRED;


--
-- Name: auth_user_groups auth_user_groups_group_id_97559544_fk_auth_group_id; Type: FK CONSTRAINT; Schema: public; Owner: David
--

ALTER TABLE ONLY public.auth_user_groups
    ADD CONSTRAINT auth_user_groups_group_id_97559544_fk_auth_group_id FOREIGN KEY (group_id) REFERENCES public.auth_group(id) DEFERRABLE INITIALLY DEFERRED;


--
-- Name: auth_user_groups auth_user_groups_user_id_6a12ed8b_fk_auth_user_id; Type: FK CONSTRAINT; Schema: public; Owner: David
--

ALTER TABLE ONLY public.auth_user_groups
    ADD CONSTRAINT auth_user_groups_user_id_6a12ed8b_fk_auth_user_id FOREIGN KEY (user_id) REFERENCES public.auth_user(id) DEFERRABLE INITIALLY DEFERRED;


--
-- Name: auth_user_user_permissions auth_user_user_permi_permission_id_1fbb5f2c_fk_auth_perm; Type: FK CONSTRAINT; Schema: public; Owner: David
--

ALTER TABLE ONLY public.auth_user_user_permissions
    ADD CONSTRAINT auth_user_user_permi_permission_id_1fbb5f2c_fk_auth_perm FOREIGN KEY (permission_id) REFERENCES public.auth_permission(id) DEFERRABLE INITIALLY DEFERRED;


--
-- Name: auth_user_user_permissions auth_user_user_permissions_user_id_a95ead1b_fk_auth_user_id; Type: FK CONSTRAINT; Schema: public; Owner: David
--

ALTER TABLE ONLY public.auth_user_user_permissions
    ADD CONSTRAINT auth_user_user_permissions_user_id_a95ead1b_fk_auth_user_id FOREIGN KEY (user_id) REFERENCES public.auth_user(id) DEFERRABLE INITIALLY DEFERRED;


--
-- Name: blog_comment blog_comment_post_id_580e96ef_fk_blog_post_id; Type: FK CONSTRAINT; Schema: public; Owner: David
--

ALTER TABLE ONLY public.blog_comment
    ADD CONSTRAINT blog_comment_post_id_580e96ef_fk_blog_post_id FOREIGN KEY (post_id) REFERENCES public.blog_post(id) DEFERRABLE INITIALLY DEFERRED;


--
-- Name: blog_post blog_post_author_id_dd7a8485_fk_auth_user_id; Type: FK CONSTRAINT; Schema: public; Owner: David
--

ALTER TABLE ONLY public.blog_post
    ADD CONSTRAINT blog_post_author_id_dd7a8485_fk_auth_user_id FOREIGN KEY (author_id) REFERENCES public.auth_user(id) DEFERRABLE INITIALLY DEFERRED;


--
-- Name: blog_post_category blog_post_category_category_id_e1f613f9_fk_blog_category_id; Type: FK CONSTRAINT; Schema: public; Owner: David
--

ALTER TABLE ONLY public.blog_post_category
    ADD CONSTRAINT blog_post_category_category_id_e1f613f9_fk_blog_category_id FOREIGN KEY (category_id) REFERENCES public.blog_category(id) DEFERRABLE INITIALLY DEFERRED;


--
-- Name: blog_post_category blog_post_category_post_id_d7c84b08_fk_blog_post_id; Type: FK CONSTRAINT; Schema: public; Owner: David
--

ALTER TABLE ONLY public.blog_post_category
    ADD CONSTRAINT blog_post_category_post_id_d7c84b08_fk_blog_post_id FOREIGN KEY (post_id) REFERENCES public.blog_post(id) DEFERRABLE INITIALLY DEFERRED;


--
-- Name: django_admin_log django_admin_log_content_type_id_c4bce8eb_fk_django_co; Type: FK CONSTRAINT; Schema: public; Owner: David
--

ALTER TABLE ONLY public.django_admin_log
    ADD CONSTRAINT django_admin_log_content_type_id_c4bce8eb_fk_django_co FOREIGN KEY (content_type_id) REFERENCES public.django_content_type(id) DEFERRABLE INITIALLY DEFERRED;


--
-- Name: django_admin_log django_admin_log_user_id_c564eba6_fk_auth_user_id; Type: FK CONSTRAINT; Schema: public; Owner: David
--

ALTER TABLE ONLY public.django_admin_log
    ADD CONSTRAINT django_admin_log_user_id_c564eba6_fk_auth_user_id FOREIGN KEY (user_id) REFERENCES public.auth_user(id) DEFERRABLE INITIALLY DEFERRED;


--
-- Name: robots_rule_allowed robots_rule_allowed_rule_id_aa90358c_fk; Type: FK CONSTRAINT; Schema: public; Owner: David
--

ALTER TABLE ONLY public.robots_rule_allowed
    ADD CONSTRAINT robots_rule_allowed_rule_id_aa90358c_fk FOREIGN KEY (rule_id) REFERENCES public.robots_rule(id) DEFERRABLE INITIALLY DEFERRED;


--
-- Name: robots_rule_allowed robots_rule_allowed_url_id_6157f60a_fk; Type: FK CONSTRAINT; Schema: public; Owner: David
--

ALTER TABLE ONLY public.robots_rule_allowed
    ADD CONSTRAINT robots_rule_allowed_url_id_6157f60a_fk FOREIGN KEY (url_id) REFERENCES public.robots_url(id) DEFERRABLE INITIALLY DEFERRED;


--
-- Name: robots_rule_disallowed robots_rule_disallowed_rule_id_fad7328c_fk; Type: FK CONSTRAINT; Schema: public; Owner: David
--

ALTER TABLE ONLY public.robots_rule_disallowed
    ADD CONSTRAINT robots_rule_disallowed_rule_id_fad7328c_fk FOREIGN KEY (rule_id) REFERENCES public.robots_rule(id) DEFERRABLE INITIALLY DEFERRED;


--
-- Name: robots_rule_disallowed robots_rule_disallowed_url_id_8e02db92_fk; Type: FK CONSTRAINT; Schema: public; Owner: David
--

ALTER TABLE ONLY public.robots_rule_disallowed
    ADD CONSTRAINT robots_rule_disallowed_url_id_8e02db92_fk FOREIGN KEY (url_id) REFERENCES public.robots_url(id) DEFERRABLE INITIALLY DEFERRED;


--
-- Name: robots_rule_sites robots_rule_sites_rule_id_7921a799_fk; Type: FK CONSTRAINT; Schema: public; Owner: David
--

ALTER TABLE ONLY public.robots_rule_sites
    ADD CONSTRAINT robots_rule_sites_rule_id_7921a799_fk FOREIGN KEY (rule_id) REFERENCES public.robots_rule(id) DEFERRABLE INITIALLY DEFERRED;


--
-- Name: robots_rule_sites robots_rule_sites_site_id_efe5be97_fk_django_site_id; Type: FK CONSTRAINT; Schema: public; Owner: David
--

ALTER TABLE ONLY public.robots_rule_sites
    ADD CONSTRAINT robots_rule_sites_site_id_efe5be97_fk_django_site_id FOREIGN KEY (site_id) REFERENCES public.django_site(id) DEFERRABLE INITIALLY DEFERRED;


--
-- PostgreSQL database dump complete
--

